title,slug,summary,ingredients,instructions,notes,course,cuisine,equipment,prep_time_minutes,cook_time_minutes,total_time_minutes,calories,protein_g,fat_g,carbohydrates_g,fiber_g,sugar_g,sodium_mg,keywords,language,source_id,image_url,category,subcategory
Light and Savory Air Cookies Recipe,light-and-savory-air-cookies-recipe,"Enjoy these light and savory air cookies, packed with flavor and perfect for any occasion!","100 g margarine
100 g rice
1 package onion soup
240 ml beef broth
100 g mushrooms","Split wienies through middles.
Cut cheese slices.
Put in wienies.
Preheat oven to 400 Â°F.
Put wienies in oven.
Cook until golden brown.",Serve with a side of tangy dipping sauce. / Pair with a fresh garden salad.,,,,0,0,0,,,,,,,,"air cookies, savory snacks, easy recipe, quick bites, party food",en,2298,https://kamerunistanrecipes.com/wp-content/uploads/2025/10/light-and-savory-air-cookies-recipe.jpg,desserts,Cookies & Bars
Zesty Air Force Chicken Recipe with Zucchini,zesty-air-force-chicken-recipe-with-zucchini,"Elevate your dinner with this zesty Air Force Chicken, featuring fresh zucchini and vibrant veggies for a delicious twist.","100 g zucchini
1 piece onions
100 g green peppers
1 tsp sugar
30 ml vinegar
1 tsp salt
1 tsp turmeric
100 g celery
powdered alum","Melt margarine.
Add other ingredients in order given.
Bake 45 minutes at 350 Â°F.",Serve with steamed rice for a complete meal. / Pair with a side salad for a fresh touch.,,,,0,0,0,,,,,,,,"Air Force Chicken, zucchini recipe, easy dinner, baked chicken, healthy meal",en,2299,https://kamerunistanrecipes.com/wp-content/uploads/2025/10/zesty-air-force-chicken-recipe-with-zucchini.jpg,desserts,Pies & Tarts
